{"[100, 0, 0, 0, 100, 5500]": [1, 8371.897692206356], "[100, 0, 0, 0, 0, 10000]": [1, 6503.885921983836], "[100, 0, 0, 0, 100, 10000]": [1, 7698.810019842181], "[100, 0, 0, 0, 0, 5500]": [1, 6656.220194784276], "[100, 0, 0, 0, 200, 1000]": [1, 125.51847057162816], "[100, 0, 0, 0, 100, 1000]": [1, 6032.487350529134], "[100, 0, 0, 0, 0, 1000]": [1, 7288.8895067757085]}